synth_class,label,n,mean,sd,median,q25,q75
0,Stable,1500,1.103764409007741,0.5479570979500804,1.0986122886681096,0.7529746827658886,1.4941751382893085
1,Metastable,1486,1.090121318791931,0.6109521624847977,1.1685184057430875,0.6730116670092565,1.5250843979682314
2,Unstable,1465,1.0422939882025881,0.670045954349208,1.078992207877583,0.6277052571971504,1.5498260458782016
