descriptor,F_stat,p_value,eta_squared,n
ce_entropy_corrected,7.060418334464507,0.0008680729318131817,0.003164602032487882,4451
