model,auc,ci_low,ci_high,mcfadden_r2
naive,0.6078335633020076,0.5912181300171714,0.6253081416036281,0.022327680776344283
entropy,0.6241580444887248,0.6088459471939244,0.6409163190509881,0.055015306875502934
full,0.6881385364679359,0.6735291894738843,0.7037252677147086,0.08736457932073738
