,Precursor Count,Max Temperature (°C),Total Heating Time (h),Number of Steps,Precursor Diversity (# elements),perf_norm
Precursor Count,1.0,0.10827189454864068,0.35614499746048006,0.41531805972922625,0.5854376323495468,0.036254170954731574
Max Temperature (°C),0.10827189454864068,1.0,-0.2395105726718176,0.2847281639701119,0.03523778155024666,-0.05327275820670782
Total Heating Time (h),0.35614499746048006,-0.2395105726718176,1.0,0.124273052406068,0.11846897547045877,0.08629491786350076
Number of Steps,0.41531805972922625,0.2847281639701119,0.124273052406068,1.0,0.34865115190192103,-0.006396950205590683
Precursor Diversity (# elements),0.5854376323495468,0.03523778155024666,0.11846897547045877,0.34865115190192103,1.0,-0.19612177875413483
perf_norm,0.036254170954731574,-0.05327275820670782,0.08629491786350076,-0.006396950205590683,-0.19612177875413483,1.0
