feature,coefficient,std_error,p_value,ci_lower,ci_upper,significant,feature_label,target
const,2.34108027700831,0.02413966006579634,0.0,2.2937674126803094,2.3883931413363104,True,Intercept,band_gap
precursor_count,0.034207771628014666,0.033492618259319436,0.3070874296206204,-0.03143655390820002,0.09985209716422935,False,Precursor Count,band_gap
max_temperature_C,0.28696700928249735,0.026327390898372986,1.1533196109603672e-27,0.2353662713147787,0.33856774725021604,True,Max Temperature (°C),band_gap
total_time_h,-0.17149700821975242,0.029592961369075976,6.82414788046775e-09,-0.22949814669902646,-0.11349586974047837,True,Total Heating Time (h),band_gap
n_steps,-0.020864313395970068,0.024419830161837134,0.39288315765083814,-0.06872630102175577,0.026997674229815635,False,Number of Steps,band_gap
precursor_diversity,0.5234252849208515,0.03513826586430756,3.4906512323282093e-50,0.4545555493476155,0.5922950204940876,True,Precursor Diversity (# elements),band_gap
