feature,coefficient,std_error,p_value,ci_lower,ci_upper,significant,feature_label,target
const,0.00703746547962582,0.0003058984721289283,4.0699505708776705e-117,0.00643791549132729,0.007637015467924349,True,Intercept,energy_above_hull
precursor_count,0.0013492904039668838,0.0004748093854707487,0.004486641245688642,0.00041868110892262066,0.002279899699011147,True,Precursor Count,energy_above_hull
max_temperature_C,0.0008934765849839087,0.00029915153966065253,0.002820042081150759,0.00030715034132932414,0.0014798028286384932,True,Max Temperature (°C),energy_above_hull
total_time_h,0.0002769487386572321,0.00027731331318411515,0.31794714769047727,-0.00026657536761711016,0.0008204728449315744,False,Total Heating Time (h),energy_above_hull
n_steps,0.00022476150168046082,0.00034829500322825576,0.5187202620031396,-0.00045788416064218237,0.000907407164003104,False,Number of Steps,energy_above_hull
precursor_diversity,-0.002307380913774567,0.0004856886253549496,2.026724866259374e-06,-0.003259313127171035,-0.0013554487003780984,True,Precursor Diversity (# elements),energy_above_hull
