feature,coefficient,std_error,p_value,ci_lower,ci_upper,significant,feature_label,target
const,5.031483965847147,0.020778178086083357,0.0,4.990759485134064,5.0722084465602295,True,Intercept,density
precursor_count,0.20435344029900865,0.03178333365542501,1.279582234739591e-10,0.14205925102575584,0.26664762957226146,True,Precursor Count,density
max_temperature_C,0.2048735837127713,0.023278424971463714,1.355937573895783e-18,0.1592487091518846,0.250498458273658,True,Max Temperature (°C),density
total_time_h,0.09879053326194472,0.02247462838143217,1.1044328168113184e-05,0.054741071068415935,0.1428399954554735,True,Total Heating Time (h),density
n_steps,0.05428062022108424,0.022406530926181153,0.015412612929076306,0.010364626587286284,0.09819661385488221,True,Number of Steps,density
precursor_diversity,-0.5986735935790657,0.03148073993144596,1.230166523408982e-80,-0.6603747100513717,-0.5369724771067597,True,Precursor Diversity (# elements),density
