feature,coefficient,std_error,p_value,ci_lower,ci_upper,significant,feature_label,target
const,-2.7405100313226756,0.010771829523138463,0.0,-2.7616224292356324,-2.7193976334097187,True,Intercept,formation_energy_per_atom
precursor_count,0.10892897085658171,0.020772329476648248,1.5717835084947974e-07,0.0682159532073514,0.149641988505812,True,Precursor Count,formation_energy_per_atom
max_temperature_C,-0.3668953052350025,0.01398219231700714,9.251299632524891e-152,-0.39429989860124914,-0.3394907118687559,True,Max Temperature (°C),formation_energy_per_atom
total_time_h,0.0611777261839426,0.013029436156019855,2.6615429925799033e-06,0.03564050057927968,0.08671495178860553,True,Total Heating Time (h),formation_energy_per_atom
n_steps,0.012545192765611527,0.010249967210172658,0.2209804610148729,-0.007544373809043376,0.03263475934026643,False,Number of Steps,formation_energy_per_atom
precursor_diversity,-0.24267367508170737,0.02163836382548205,3.442898404279491e-29,-0.28508408886402653,-0.2002632612993882,True,Precursor Diversity (# elements),formation_energy_per_atom
