feature,vif
precursor_count,2.0063313969788625
max_temperature_C,1.0997803528880319
total_time_h,1.0449334207225134
n_steps,1.0655693930961554
precursor_diversity,2.065973423259382
