feature,vif
precursor_count,1.9127825733612331
max_temperature_C,1.2151922726538318
total_time_h,1.2896378941868432
n_steps,1.341532330964247
precursor_diversity,1.5966369754746477
